step	learning_rate
0	4.990666666666667e-06
1	4.977333333333334e-06
2	4.964e-06
3	4.950666666666667e-06
4	4.937333333333334e-06
