{
    "nested ELT": {
        "synonyms and antonyms": 0.17702293395996094,
        "single plural": 0.14714451134204865,
        "logical relations": -0.295958936214447,
        "subject verb agreement": 0.4473360478878021,
        "prepositions": 0.5159503817558289,
        "conjunctions": 0.4349181056022644,
        "temporal understanding": -0.0218979362398386,
        "spatial understanding": 0.30221208930015564,
        "quantitative reasoning": 0.003439998719841242,
        "emotions": 0.03421132639050484,
        "narrative understanding": -0.038889504969120026,
        "ethics": 0.17342376708984375
    },
    "nested E": {
        "synonyms and antonyms": 0.2430839091539383,
        "single plural": 0.08304605633020401,
        "logical relations": -0.07686467468738556,
        "subject verb agreement": 0.5402786135673523,
        "prepositions": 0.42600518465042114,
        "conjunctions": 0.4638051986694336,
        "temporal understanding": -0.13114333152770996,
        "spatial understanding": 0.1329100877046585,
        "quantitative reasoning": -0.05629243701696396,
        "emotions": -0.07613768428564072,
        "narrative understanding": -0.06539277732372284,
        "ethics": 0.32361602783203125
    },
    "flat ELT": {
        "synonyms and antonyms": 0.12524399161338806,
        "single plural": 0.5031486749649048,
        "logical relations": -0.18126840889453888,
        "subject verb agreement": 0.363022118806839,
        "prepositions": 0.5254224538803101,
        "conjunctions": 0.3823552131652832,
        "temporal understanding": 0.041683148592710495,
        "spatial understanding": 0.4808729290962219,
        "quantitative reasoning": -0.0058997152373194695,
        "emotions": 0.07197694480419159,
        "narrative understanding": 0.0742548257112503,
        "ethics": 0.21775293350219727
    },
    "flat E": {
        "synonyms and antonyms": 0.2203105390071869,
        "single plural": 0.19470171630382538,
        "logical relations": -0.43654122948646545,
        "subject verb agreement": 0.46334999799728394,
        "prepositions": 0.5056788325309753,
        "conjunctions": 0.4507181644439697,
        "temporal understanding": -0.14422960579395294,
        "spatial understanding": 0.39793357253074646,
        "quantitative reasoning": -0.14032778143882751,
        "emotions": 0.04895453527569771,
        "narrative understanding": 0.025885891169309616,
        "ethics": 0.3390924334526062
    },
    "shuffle ELT": {
        "synonyms and antonyms": 0.24696841835975647,
        "single plural": 0.33143162727355957,
        "logical relations": -0.07629311084747314,
        "subject verb agreement": 0.26280736923217773,
        "prepositions": 0.4787742495536804,
        "conjunctions": 0.4852526783943176,
        "temporal understanding": 0.3579530715942383,
        "spatial understanding": 0.36813849210739136,
        "quantitative reasoning": -0.040802907198667526,
        "emotions": -0.014544653706252575,
        "narrative understanding": 0.03773844242095947,
        "ethics": 0.29962843656539917
    },
    "shuffle E": {
        "synonyms and antonyms": 0.30903691053390503,
        "single plural": 0.02928144857287407,
        "logical relations": -0.12718477845191956,
        "subject verb agreement": 0.142070934176445,
        "prepositions": 0.3979632258415222,
        "conjunctions": 0.3634018301963806,
        "temporal understanding": 0.09017644077539444,
        "spatial understanding": 0.05676417425274849,
        "quantitative reasoning": -0.14122581481933594,
        "emotions": 0.2021762877702713,
        "narrative understanding": 0.04022946208715439,
        "ethics": 0.2709531784057617
    },
    "scratch 8M": {
        "synonyms and antonyms": 0.24847838282585144,
        "single plural": 0.5805379748344421,
        "logical relations": -0.03913223743438721,
        "subject verb agreement": 0.8347635269165039,
        "prepositions": 0.943838894367218,
        "conjunctions": 0.6272634267807007,
        "temporal understanding": 0.4394450783729553,
        "spatial understanding": 0.6360417008399963,
        "quantitative reasoning": -0.044989991933107376,
        "emotions": 0.6091095805168152,
        "narrative understanding": 0.1697642058134079,
        "ethics": 0.24614684283733368
    },
    "scratch 33M": {
        "synonyms and antonyms": 0.275014728307724,
        "single plural": 0.7111121416091919,
        "logical relations": 0.08507530391216278,
        "subject verb agreement": 0.9820863604545593,
        "prepositions": 1.1232830286026,
        "conjunctions": 0.815488338470459,
        "temporal understanding": 0.7287115454673767,
        "spatial understanding": 0.713129997253418,
        "quantitative reasoning": -0.058247923851013184,
        "emotions": 0.7688180208206177,
        "narrative understanding": 0.26709017157554626,
        "ethics": 0.5121417045593262
    }
}