{
    "nested": {
        "frequency": 0.8386465977737663,
        "start_space": 0.7004694496567394,
        "pos_tag_CD": 0.6578859702725856,
        "pos_tag_IN": 0.762512835365051,
        "pos_tag_JJ": 0.5971608691322436,
        "pos_tag_NN": 0.6300643535678923,
        "pos_tag_NNP": 0.6447501430569988,
        "pos_tag_NNS": 0.6663525763013298,
        "pos_tag_RB": 0.6946884642334135,
        "pos_tag_VB": 0.7109956527887052,
        "pos_tag_VBD": 0.7500945577158249,
        "pos_tag_VBG": 0.705627104109763,
        "pos_tag_VBN": 0.7225476239250401
    },
    "flat": {
        "frequency": 0.8485769949205322,
        "start_space": 0.7004606517096875,
        "pos_tag_CD": 0.6312318429176724,
        "pos_tag_IN": 0.7857911411846273,
        "pos_tag_JJ": 0.5823471861452116,
        "pos_tag_NN": 0.6216563834521727,
        "pos_tag_NNP": 0.6513095217590174,
        "pos_tag_NNS": 0.6696578569297567,
        "pos_tag_RB": 0.6336178713148608,
        "pos_tag_VB": 0.6936829472569785,
        "pos_tag_VBD": 0.7068371588925807,
        "pos_tag_VBG": 0.697714573824194,
        "pos_tag_VBN": 0.6799021949135136
    },
    "shuffle": {
        "frequency": 0.8522133415584903,
        "start_space": 0.7010369172415831,
        "pos_tag_CD": 0.6274876737698689,
        "pos_tag_IN": 0.7137709205479932,
        "pos_tag_JJ": 0.6021921392533331,
        "pos_tag_NN": 0.6308868492954686,
        "pos_tag_NNP": 0.6347903138450468,
        "pos_tag_NNS": 0.6828665787575707,
        "pos_tag_RB": 0.6439368012262933,
        "pos_tag_VB": 0.6815707004968414,
        "pos_tag_VBD": 0.6688478545151098,
        "pos_tag_VBG": 0.7291032408961806,
        "pos_tag_VBN": 0.716089749587228
    },
    "scratch": {
        "frequency": 0.9265838093339572,
        "start_space": 0.8910188181049081,
        "pos_tag_CD": 0.7992568868702715,
        "pos_tag_IN": 0.8732190656731874,
        "pos_tag_JJ": 0.7275158821199675,
        "pos_tag_NN": 0.7622660235218229,
        "pos_tag_NNP": 0.7915061461879855,
        "pos_tag_NNS": 0.8376227034291788,
        "pos_tag_RB": 0.8371648993369586,
        "pos_tag_VB": 0.7937981235806905,
        "pos_tag_VBD": 0.8856657287219698,
        "pos_tag_VBG": 0.8908151355250861,
        "pos_tag_VBN": 0.8663044074208137
    },
}